{"val_loss": 0.411609411239624, "epoch": 3, "trainer/global_step": 3, "_timestamp": 1704969843.0638325, "_runtime": 76.02761054039001, "_step": 3, "_wandb": {"runtime": 78}}