{"val_loss": 0.80559241771698, "epoch": 1, "trainer/global_step": 1, "_timestamp": 1704970566.1518326, "_runtime": 39.55841660499573, "_step": 1, "_wandb": {"runtime": 42}}