{"val_loss": 0.3330785632133484, "epoch": 3, "trainer/global_step": 3, "_timestamp": 1704969991.0850985, "_runtime": 75.88345956802368, "_step": 3, "_wandb": {"runtime": 78}}