{"val_loss": 0.7722463607788086, "epoch": 1, "trainer/global_step": 1, "_timestamp": 1704970209.6955464, "_runtime": 38.473549365997314, "_step": 1, "_wandb": {"runtime": 41}}